{
    "cycles_program_begin": 13685430635343624,
    "CurCompileUdps": {},
    "cpu_cycles_pass2_start": 13685431969566520,
    "NameTable": {
        "std": [
            "std",
            "reYIK",
            "module",
            1
        ],
        "GTP_APM_E2": [
            "GTP_APM_E2",
            "IjL6q",
            "module",
            2
        ],
        "ipm_distributed_shiftregister_wrapper_v1_3": [
            "ipm_distributed_shiftregister_wrapper_v1_3",
            "jgSw9",
            "module",
            3
        ],
        "flt_pds2_tb": [
            "flt_pds2_tb",
            "TfhEG",
            "module",
            4
        ],
        "...MASTER...": [
            "SIM",
            "amcQw",
            "module",
            5
        ]
    },
    "CompileStatus": "Successful",
    "LVLData": [
        "SIM"
    ],
    "perf": [
        {
            "stat": [
                "main",
                "entry",
                0.035880088806152344,
                0.072148000000000004,
                0.021042999999999999,
                214872,
                214872,
                0.0,
                0.0,
                1700046187.5214951,
                13685430635729410
            ],
            "sub": [
                {
                    "stat": [
                        "doParsingAndDesignResolution",
                        "entry",
                        0.16427397727966309,
                        0.080967999999999998,
                        0.031987000000000002,
                        279224,
                        280024,
                        0.0,
                        0.0,
                        1700046187.649889,
                        13685431058440034
                    ],
                    "sub": []
                },
                {
                    "stat": [
                        "doParsingAndDesignResolution",
                        "exit",
                        0.20313191413879395,
                        0.112049,
                        0.039368,
                        281036,
                        281684,
                        0.0,
                        0.0,
                        1700046187.6887469,
                        13685431186361300
                    ],
                    "sub": []
                },
                {
                    "stat": [
                        "doPostDesignResolutionToVir2Vcs",
                        "entry",
                        0.20444393157958984,
                        0.113333,
                        0.039368,
                        281036,
                        281684,
                        0.0,
                        0.0,
                        1700046187.6900589,
                        13685431190620526
                    ],
                    "sub": [
                        {
                            "stat": [
                                "doUptoVir2VcsNoSepCleanup",
                                "entry",
                                0.23613595962524414,
                                0.12761,
                                0.056269,
                                286216,
                                286220,
                                0.0,
                                0.0,
                                1700046187.721751,
                                13685431295043540
                            ],
                            "sub": []
                        },
                        {
                            "stat": [
                                "doUptoVir2VcsNoSepCleanup",
                                "exit",
                                0.35524392127990723,
                                0.189975,
                                0.081850999999999993,
                                296984,
                                297004,
                                0.0068630000000000002,
                                0.023831999999999999,
                                1700046187.8408589,
                                13685431687151796
                            ],
                            "sub": []
                        },
                        {
                            "stat": [
                                "doRadify_vir2vcsAll",
                                "entry",
                                0.35535001754760742,
                                0.189975,
                                0.081958000000000003,
                                296984,
                                297004,
                                0.0068630000000000002,
                                0.023831999999999999,
                                1700046187.840965,
                                13685431687398164
                            ],
                            "sub": []
                        },
                        {
                            "stat": [
                                "doRadify_vir2vcsAll",
                                "exit",
                                0.3629610538482666,
                                0.196769,
                                0.082743999999999998,
                                296984,
                                297004,
                                0.0068630000000000002,
                                0.023831999999999999,
                                1700046187.8485761,
                                13685431712500376
                            ],
                            "sub": []
                        }
                    ]
                },
                {
                    "stat": [
                        "doPostDesignResolutionToVir2Vcs",
                        "exit",
                        0.36300992965698242,
                        0.19680500000000001,
                        0.082758999999999999,
                        296984,
                        297004,
                        0.0068630000000000002,
                        0.023831999999999999,
                        1700046187.8486249,
                        13685431712610640
                    ],
                    "sub": []
                },
                {
                    "stat": [
                        "doGAToPass2",
                        "entry",
                        0.36304306983947754,
                        0.196828,
                        0.082767999999999994,
                        296984,
                        297004,
                        0.0068630000000000002,
                        0.023831999999999999,
                        1700046187.8486581,
                        13685431712713628
                    ],
                    "sub": [
                        {
                            "stat": [
                                "DoPass2",
                                "entry",
                                0.44098091125488281,
                                0.19709599999999999,
                                0.088945999999999997,
                                295560,
                                297004,
                                0.028701000000000001,
                                0.073839000000000002,
                                1700046187.9265959,
                                13685431969502148
                            ],