{
    "Modules": {
        "...MASTER...": {
            "nQuads": 8,
            "start_perf": [
                0.44125604629516602,
                0.19728599999999999,
                0.089030999999999999,
                295560,
                297004,
                1700046187.9268711,
                13685431970302100
            ],
            "end_perf": [
                0.45515990257263184,
                0.19806199999999999,
                0.094989000000000004,
                295572,
                297004,
                13685432016137194,
                0,
                0
            ],
            "child_modules": {
                "flt_pds2_tb": 1,
                "std": 1,
                "ipm_distributed_shiftregister_wrapper_v1_3": 1
            },
            "nMops": 11,
            "nRouts": 11
        },
        "std": {
            "start_perf": [
                0.45536088943481445,
                0.19824900000000001,
                0.094989000000000004,
                295572,
                297004,
                1700046187.9409759,
                13685432016724680
            ],
            "nQuads": 218,
            "end_perf": [
                0.4759678840637207,
                0.20482600000000001,
                0.108971,
                295588,
                297004,
                13685432084590826,
                8589934594,
                0
            ],
            "child_modules": {},
            "nRouts": 33,
            "Compiled": "Yes",
            "Compiled Times": 146,
            "svclass": [
                "$vcs_nba_dyn_obj",
                0,
                35,
                2,
                2,
                0,
                "sigprop$$",
                0,
                35,
                2,
                2,
                0,
                "process",
                0,
                200,
                8,
                8,
                0,
                "event",
                0,
                34,
                2,
                2,
                0,
                "mailbox",
                0,
                140,
                9,
                9,
                0,
                "semaphore",
                0,
                84,
                5,
                5,
                0
            ],
            "nMops": 528
        },
        "GTP_APM_E2": {
            "nQuads": 2242,
            "start_perf": [
                0.47605490684509277,
                0.20488200000000001,
                0.109001,
                295588,
                297004,
                1700046187.9616699,
                13685432084816864
            ],
            "end_perf": [
                0.50294208526611328,
                0.23169400000000001,
                0.109001,
                295588,
                297004,
                13685432173388544,
                25769803777,
                0
            ],
            "child_modules": {},
            "nRouts": 249,
            "Compiled": "Yes",
            "Compiled Times": 24,
            "nMops": 7627
        },
        "ipm_distributed_shiftregister_wrapper_v1_3": {
            "nQuads": 250,
            "start_perf": [
                0.50301098823547363,
                0.231763,
                0.109001,
                295588,
                297004,
                1700046187.988626,
                13685432173551394
            ],
            "end_perf": [
                0.52434492111206055,
                0.25242799999999999,
                0.10962,
                295588,
                297004,
                13685432243824572,
                77309411329,
                0
            ],
            "child_modules": {},
            "nRouts": 42,
            "Compiled": "Yes",
            "Compiled Times": 146,
            "nMops": 630
        },
        "flt_pds2_tb": {
            "start_perf": [
                0.52440309524536133,
                0.252469,
                0.109638,
                295588,
                297004,
                1700046188.0100181,
                13685432243967436
            ],
            "nQuads": 1625,
            "end_perf": [
                0.58564400672912598,
                0.30055799999999999,
                0.12263499999999999,
                297544,
                297548,
                13685432445615524,
                85899345921,
                0
            ],
            "child_modules": {
                "GTP_APM_E2": 2
            },
            "nRouts": 144,
            "Compiled": "Yes",
            "Compiled Times": 146,
            "significant_routs": [
                [
                    1,
                    "R_VCSgd_TfhEG_1",
                    13756968,
                    7506,
                    1147
                ],
                [
                    25,
                    "R_VCSgd_TfhEG_19",
                    10590286,
                    4300,
                    416
                ],
                [
                    130,
                    "R_VCSgd_TfhEG_82",
                    6699828,
                    2244,
                    346
                ]
            ],
            "nMops": 5680
        }
    },
    "CompUnits": {
        "TfhEG_d": {
            "mod": "flt_pds2_tb",
            "out": "TfhEG_d.o",
            "mode": 4,
            "bytes": 79554,
            "archive": "archive.145/_20423_archive_1.a",
            "text": 44786,
            "checksum": 0
        }
    },
    "reusePaths": {
        "amcQw_d": {
            "icPath": "csrc"
        },
        "IjL6q_d": {
            "icPath": "csrc"
        },
        "reYIK_d": {
            "icPath": "csrc"
        },
        "jgSw9_d": {
            "icPath": "csrc"
        }
    },
    "ObjArchives": [
        {
            "objects": [
                [
                    "TfhEG_d.o",
                    79554
                ],
                [
                    "amcQwB.o",
                    118842
                ]
            ],
            "archive": "archive.145/_20423_archive_1.a",
            "size": 198396
        }
    ],
    "stat": {
        "ru_self_end": {
            "ru_utime_sec": 0.30447000000000002,
            "ru_nivcsw": 275,
            "ru_majflt": 0,
            "ru_stime_sec": 0.135655,
            "ru_nvcsw": 36,
            "ru_maxrss_kb": 87044,
            "ru_minflt": 33936
        },
        "cpu_cycles_end": 13685432501541818,
        "ru_childs_end": {
            "ru_utime_sec": 0.030738000000000001,
            "ru_nivcsw": 24,
            "ru_majflt": 0,
            "ru_stime_sec": 0.078934000000000004,
            "ru_nvcsw": 26,
            "ru_maxrss_kb": 24416,
            "ru_minflt": 11475
        },
        "peak_mem_kb": 297592
    }
}