{
    "cycles_program_begin": 13659610974719630,
    "cpu_cycles_pass2_start": 13659612037631452,
    "NameTable": {
        "std": [
            "std",
            "reYIK",
            "module",
            1
        ],
        "tb_GTP_APM_E2": [
            "tb_GTP_APM_E2",
            "AafDJ",
            "module",
            2
        ],
        "...MASTER...": [
            "SIM",
            "amcQw",
            "module",
            3
        ]
    },
    "perf": [
        {
            "stat": [
                "main",
                "entry",
                0.036926984786987305,
                0.063455999999999999,
                0.034701999999999997,
                214872,
                214872,
                0.0,
                0.0,
                1700038345.0002041,
                13659610975144472
            ],
            "sub": [
                {
                    "stat": [
                        "doParsingAndDesignResolution",
                        "entry",
                        0.1600499153137207,
                        0.069379999999999997,
                        0.043610000000000003,
                        279224,
                        280024,
                        0.0,
                        0.0,
                        1700038345.123327,
                        13659611380473238
                    ],
                    "sub": []
                },
                {
                    "stat": [
                        "doParsingAndDesignResolution",
                        "exit",
                        0.17224597930908203,
                        0.079424999999999996,
                        0.045669000000000001,
                        280172,
                        280820,
                        0.0,
                        0.0,
                        1700038345.1355231,
                        13659611420577838
                    ],
                    "sub": []
                },
                {
                    "stat": [
                        "doPostDesignResolutionToVir2Vcs",
                        "entry",
                        0.1733698844909668,
                        0.079491000000000006,
                        0.046700999999999999,
                        280316,
                        280820,
                        0.0,
                        0.0,
                        1700038345.136647,
                        13659611424249388
                    ],
                    "sub": [
                        {
                            "stat": [
                                "doUptoVir2VcsNoSepCleanup",
                                "entry",
                                0.18175792694091797,
                                0.085975999999999997,
                                0.048423000000000001,
                                281492,
                                281496,
                                0.0,
                                0.0,
                                1700038345.145035,
                                13659611451864662
                            ],
                            "sub": []
                        },
                        {
                            "stat": [
                                "doUptoVir2VcsNoSepCleanup",
                                "exit",
                                0.27697300910949707,
                                0.120481,
                                0.062728999999999993,
                                283212,
                                295568,
                                0.016874,
                                0.029069000000000001,
                                1700038345.2402501,
                                13659611765398742
                            ],
                            "sub": []
                        },
                        {
                            "stat": [
                                "doRadify_vir2vcsAll",
                                "entry",
                                0.2770838737487793,
                                0.12055399999999999,
                                0.062767000000000003,
                                283212,
                                295568,
                                0.016874,
                                0.029069000000000001,
                                1700038345.240361,
                                13659611765685476
                            ],
                            "sub": []
                        },
                        {
                            "stat": [
                                "doRadify_vir2vcsAll",
                                "exit",
                                0.28399991989135742,
                                0.126472,
                                0.063733999999999999,
                                283756,
                                295568,
                                0.016874,
                                0.029069000000000001,
                                1700038345.247277,
                                13659611788500202
                            ],
                            "sub": []
                        }
                    ]
                },
                {
                    "stat": [
                        "doPostDesignResolutionToVir2Vcs",
                        "exit",
                        0.28405594825744629,
                        0.12651000000000001,
                        0.063753000000000004,
                        283756,
                        295568,
                        0.016874,
                        0.029069000000000001,
                        1700038345.247333,
                        13659611788626182
                    ],
                    "sub": []
                },
                {
                    "stat": [
                        "doGAToPass2",
                        "entry",
                        0.28409385681152344,
                        0.12653500000000001,
                        0.063766000000000003,
                        283756,
                        295568,
                        0.016874,
                        0.029069000000000001,
                        1700038345.247371,
                        13659611788745088
                    ],
                    "sub": [
                        {
                            "stat": [
                                "DoPass2",
                                "entry",
                                0.35964179039001465,
                                0.12843099999999999,
                                0.068695000000000006,
                                282332,
                                295568,
                                0.039640000000000002,
                                0.075775999999999996,
                                1700038345.3229189,
                                13659612037584492
                            ],
                            "sub": []
                        },
                        {
                            "stat": [
                                "DoPass2",
                                "exit",
                                0.46075582504272461,
                                0.19001000000000001,
                                0.10172299999999999,
                                288572,
                                295568,
                                0.039640000000000002,
                                0.081970000000000001,
                                1700038345.4240329,
                                13659612370357842
                            ],