{
    "Modules": {
        "...MASTER...": {
            "start_perf": [
                0.3598477840423584,
                0.12856600000000001,
                0.068766999999999995,
                282332,
                295568,
                1700038345.3231249,
                13659612038165668
            ],
            "child_modules": {
                "tb_GTP_APM_E2": 1,
                "std": 1
            },
            "end_perf": [
                0.3702538013458252,
                0.129332,
                0.072184999999999999,
                283760,
                295568,
                13659612072443192,
                0,
                0
            ],
            "nQuads": 0,
            "nMops": 0,
            "nRouts": 5
        },
        "std": {
            "start_perf": [
                0.37036681175231934,
                0.12939700000000001,
                0.072221999999999995,
                283760,
                295568,
                1700038345.3336439,
                13659612072760340
            ],
            "child_modules": {},
            "Compiled": "Yes",
            "svclass": [
                "$vcs_nba_dyn_obj",
                0,
                35,
                2,
                2,
                0,
                "sigprop$$",
                0,
                35,
                2,
                2,
                0,
                "process",
                0,
                200,
                8,
                8,
                0,
                "event",
                0,
                34,
                2,
                2,
                0,
                "mailbox",
                0,
                140,
                9,
                9,
                0,
                "semaphore",
                0,
                84,
                5,
                5,
                0
            ],
            "end_perf": [
                0.38225197792053223,
                0.133297,
                0.080177999999999999,
                283776,
                295568,
                13659612111920848,
                8589934594,
                0
            ],
            "Compiled Times": 12,
            "nMops": 528,
            "nQuads": 218,
            "nRouts": 33
        },
        "tb_GTP_APM_E2": {
            "start_perf": [
                0.38230490684509277,
                0.13333100000000001,
                0.080199000000000006,
                283776,
                295568,
                1700038345.345582,
                13659612112055066
            ],
            "child_modules": {},
            "end_perf": [
                0.4500129222869873,
                0.19001000000000001,
                0.091004000000000002,
                288936,
                295568,
                13659612335032158,
                17179869185,
                0
            ],
            "Compiled": "Yes",
            "Compiled Times": 12,
            "significant_routs": [
                [
                    1,
                    "R_VCSgd_AafDJ_1",
                    7960150,
                    5301,
                    759
                ],
                [
                    176,
                    "R_VCSgd_AafDJ_b0",
                    5819438,
                    3099,
                    496
                ],
                [
                    177,
                    "R_VCSgd_AafDJ_b1",
                    5714990,
                    3139,
                    505
                ]
            ],
            "nMops": 10544,
            "nQuads": 3221,
            "nRouts": 283
        }
    },
    "CompUnits": {
        "AafDJ_d": {
            "archive": "archive.11/_34631_archive_1.a",
            "mod": "tb_GTP_APM_E2",
            "out": "AafDJ_d.o",
            "text": 67040,
            "bytes": 106484,
            "mode": 4,
            "checksum": 0
        }
    },
    "stat": {
        "ru_self_end": {
            "ru_stime_sec": 0.10395600000000001,
            "ru_utime_sec": 0.19092100000000001,
            "ru_maxrss_kb": 78592,
            "ru_minflt": 30715,
            "ru_nvcsw": 37,
            "ru_majflt": 0,
            "ru_nivcsw": 113
        },
        "ru_childs_end": {
            "ru_stime_sec": 0.081970000000000001,
            "ru_utime_sec": 0.039640000000000002,
            "ru_maxrss_kb": 18608,
            "ru_minflt": 11456,
            "ru_nvcsw": 26,
            "ru_majflt": 0,
            "ru_nivcsw": 27
        },
        "cpu_cycles_end": 13659612380758886,
        "peak_mem_kb": 295568
    },
    "reusePaths": {
        "amcQw_d": {
            "icPath": "csrc"
        },
        "reYIK_d": {
            "icPath": "csrc"
        }
    },
    "ObjArchives": [
        {
            "archive": "archive.11/_34631_archive_1.a",
            "objects": [
                [
                    "AafDJ_d.o",
                    106484
                ],
                [
                    "amcQwB.o",
                    116944
                ]
            ],
            "size": 223428
        }
    ]
}